{"type":"Topology","arcs":[[[2116,2347],[-52,-52],[-16,-28],[4,-11],[7,-154],[-2,-15],[-4,-1],[-6,-4],[-34,-27],[-10,-6],[-6,-3],[-5,-1],[-4,-1],[-16,0],[-3,0],[-4,-2],[-24,-16],[-16,-13],[-9,-6],[-6,-3],[-3,0],[-7,1],[-4,0],[-7,-1],[-2,0],[-3,1],[-5,1],[-3,2],[-44,-24],[-182,-133]],[[1650,1851],[-53,102],[-147,90],[-56,24],[-37,12],[-29,3],[-31,4],[-35,10],[-100,33],[-12,2],[-10,-1],[-40,-16],[-38,-9],[-57,-5],[-46,16],[-35,17],[-123,93]],[[801,2226],[-20,65]],[[781,2291],[-24,150],[-12,37],[-63,40],[-9,45],[5,220],[-9,83],[-5,1],[-7,8],[-3,1],[-3,1],[-3,1],[-3,0],[-4,-1],[-4,-1],[-9,1],[-5,0],[-17,6],[-4,2],[-4,3],[-4,7],[-3,3],[-34,11],[-65,49],[-26,34],[-87,288]],[[379,3280],[0,0],[115,-3],[109,-31],[117,-68],[156,-174],[124,-63],[143,58],[119,19],[477,-144],[17,-52],[62,-116],[96,-123],[54,-73],[148,-163]],[[2262,998],[-406,-55],[-37,-15],[-77,-53]],[[1742,875],[15,45],[0,8],[-2,14],[-4,13],[-8,15],[-2,6],[0,5],[4,13],[-32,22],[-158,79]],[[1555,1095],[0,321],[-69,131]],[[1486,1547],[164,304]],[[2116,2347],[14,-16],[93,-268],[17,-279],[-66,-213],[44,-12],[40,-25],[48,-15],[-59,-278],[15,-243],[0,0]],[[1742,875],[35,-19],[4,-4],[-1,-12],[-117,-151],[-28,-21],[-38,-20],[-89,-36],[-95,-60],[-134,-156]],[[1279,396],[-159,49],[0,0]],[[1120,445],[-2,47],[5,32],[-53,86],[-122,108],[-22,92],[-4,40]],[[922,850],[0,0],[112,-5],[3,0],[17,-1],[6,1],[18,4],[5,0],[4,0],[4,-1],[4,-1],[7,1],[7,2],[15,10],[8,12],[22,53],[1,3],[2,3],[3,6],[395,158]],[[781,2291],[-534,218],[-3,-1],[-6,0],[-8,0],[-41,6],[-4,0],[-50,10],[-8,0],[-9,-1],[-6,0],[-21,4],[-8,-3],[-3,-3],[-32,-29],[0,0]],[[48,2492],[-8,6],[-39,41],[0,71],[47,50],[160,87],[49,76],[-67,10],[-116,32],[-74,5],[79,90],[111,326],[189,-6]],[[1486,1547],[-321,-117],[-29,-3],[-42,5],[-164,29],[-119,-2],[-106,-27],[0,0]],[[705,1432],[-21,120],[-30,67],[-222,168],[-35,63],[-19,73],[-43,77],[-10,11]],[[325,2011],[0,0],[155,101],[58,46],[10,12],[13,14],[66,24],[174,18]],[[1279,396],[10,-76]],[[1289,320],[-165,-61],[-1,0],[-1,0]],[[1122,259],[2,10],[-4,176]],[[1379,76],[0,0],[-42,-50],[-117,-26],[-108,23],[-19,61],[29,175]],[[1289,320],[90,-244]],[[2262,998],[4,-60],[-27,-300],[-197,-268],[-69,-41],[-47,-9],[-37,2],[-98,-10],[-82,14],[-60,-9],[-52,-36],[-49,-99],[-134,-46],[-31,-55],[-4,-5]],[[922,850],[-14,148],[-44,138],[-137,223],[-19,54],[-3,19]],[[325,2011],[-45,50],[-54,25],[-62,40],[-22,92],[-9,184],[-40,59],[-45,31]]],"transform":{"scale":[11.170433809581475,14.53159410152281],"translate":[455139.04053447215,1679094.1047671612]},"objects":{"dominica":{"type":"GeometryCollection","geometries":[{"arcs":[[0,1,2,3,4]],"type":"Polygon","properties":{"labelrank":10,"code_hasc":"DM.AN","name":"Saint Andrew","admin":"Dominica","type_en":"Parish","region":"","woe_id":2345161,"longitude":-61,"woe_name":"Saint Andrew","fips":"DO02","woe_label":"Saint Andrew, DM, Dominica","latitude":15,"iso_a2":"DM","postal":"AN","type":"Parish","id":"DM.AN"}},{"arcs":[[5,6,7,8,-1,9]],"type":"Polygon","properties":{"labelrank":10,"code_hasc":"DM.DA","name":"Saint David","admin":"Dominica","type_en":"Parish","region":"","woe_id":2345162,"longitude":-61,"woe_name":"Saint David","fips":"DO03","woe_label":"Saint David, DM, Dominica","latitude":15,"iso_a2":"DM","postal":"DA","type":"Parish","id":"DM.DA"}},{"arcs":[[10,11,12,13,-7]],"type":"Polygon","properties":{"labelrank":10,"code_hasc":"DM.GO","name":"Saint George","admin":"Dominica","type_en":"Parish","region":"","woe_id":2345163,"longitude":-61,"woe_name":"Saint George","fips":"DO04","woe_label":"Saint George, DM, Dominica","latitude":15,"iso_a2":"DM","postal":"GO","type":"Parish","id":"DM.GO"}},{"arcs":[[-4,14,15]],"type":"Polygon","properties":{"labelrank":10,"code_hasc":"DM.JN","name":"Saint John","admin":"Dominica","type_en":"Parish","region":"","woe_id":2345164,"longitude":-61,"woe_name":"Saint John","fips":"DO05","woe_label":"","latitude":15,"iso_a2":"DM","postal":"JN","type":"Parish","id":"DM.JN"}},{"arcs":[[-9,16,17,18,-2]],"type":"Polygon","properties":{"labelrank":10,"code_hasc":"DM.JH","name":"Saint Joseph","admin":"Dominica","type_en":"Parish","region":"","woe_id":2345165,"longitude":-61,"woe_name":"Saint Joseph","fips":"DO06","woe_label":"Saint Joseph, DM, Dominica","latitude":15,"iso_a2":"DM","postal":"JH","type":"Parish","id":"DM.JH"}},{"arcs":[[19,20,21,-12]],"type":"Polygon","properties":{"labelrank":10,"code_hasc":"DM.LU","name":"Saint Luke","admin":"Dominica","type_en":"Parish","region":"","woe_id":2345166,"longitude":-61,"woe_name":"Saint Luke","fips":"DO07","woe_label":"Saint Luke, DM, Dominica","latitude":15,"iso_a2":"DM","postal":"LU","type":"Parish","id":"DM.LU"}},{"arcs":[[22,-21,23]],"type":"Polygon","properties":{"labelrank":10,"code_hasc":"DM.MA","name":"Saint Mark","admin":"Dominica","type_en":"Parish","region":"","woe_id":2345167,"longitude":-61,"woe_name":"Saint Mark","fips":"DO08","woe_label":"Saint Mark, DM, Dominica","latitude":15,"iso_a2":"DM","postal":"MA","type":"Parish","id":"DM.MA"}},{"arcs":[[-24,-20,-11,-6,24]],"type":"Polygon","properties":{"labelrank":10,"code_hasc":"DM.PK","name":"Saint Patrick","admin":"Dominica","type_en":"Parish","region":"","woe_id":2345168,"longitude":-61,"woe_name":"Saint Patrick","fips":"DO09","woe_label":"Saint Patrick, DM, Dominica","latitude":15,"iso_a2":"DM","postal":"PK","type":"Parish","id":"DM.PK"}},{"arcs":[[-14,25,-17,-8]],"type":"Polygon","properties":{"labelrank":10,"code_hasc":"DM.PL","name":"Saint Paul","admin":"Dominica","type_en":"Parish","region":"","woe_id":2345169,"longitude":-61,"woe_name":"Saint Paul","fips":"DO10","woe_label":"Saint Paul, DM, Dominica","latitude":15,"iso_a2":"DM","postal":"PL","type":"Parish","id":"DM.PL"}},{"arcs":[[-3,-19,26,-15]],"type":"Polygon","properties":{"labelrank":10,"code_hasc":"DM.PR","name":"Saint Peter","admin":"Dominica","type_en":"Parish","region":"","woe_id":2345170,"longitude":-61,"woe_name":"Saint Peter","fips":"DO11","woe_label":"Saint Peter, DM, Dominica","latitude":15,"iso_a2":"DM","postal":"PR","type":"Parish","id":"DM.PR"}}]}},"crs":{"type":"name","properties":{"name":"urn:ogc:def:crs:EPSG::2002"}},"ac-tx":{"default":{"crs":"+proj=tmerc +lat_0=0 +lon_0=-62.00 +k=0.9995000000000001 +x_0=400000 +y_0=0 +ellps=clrk80 +towgs84=725,685,536,0,0,0,0 +units=m +no_defs","scale":1}}}